cell_id,preset_id,method,seed,status,result_path,error
bishan_clone__Random__seed0,bishan_clone,Random,0,queued,,
bishan_clone__Random__seed1,bishan_clone,Random,1,queued,,
bishan_clone__Random__seed2,bishan_clone,Random,2,queued,,
bishan_clone__Random__seed3,bishan_clone,Random,3,queued,,
bishan_clone__Random__seed4,bishan_clone,Random,4,queued,,
bishan_clone__Greedy__seed0,bishan_clone,Greedy,0,queued,,
bishan_clone__Greedy__seed1,bishan_clone,Greedy,1,queued,,
bishan_clone__Greedy__seed2,bishan_clone,Greedy,2,queued,,
bishan_clone__Greedy__seed3,bishan_clone,Greedy,3,queued,,
bishan_clone__Greedy__seed4,bishan_clone,Greedy,4,queued,,
bishan_clone__GA__seed0,bishan_clone,GA,0,queued,,
bishan_clone__GA__seed1,bishan_clone,GA,1,queued,,
bishan_clone__GA__seed2,bishan_clone,GA,2,queued,,
bishan_clone__GA__seed3,bishan_clone,GA,3,queued,,
bishan_clone__GA__seed4,bishan_clone,GA,4,queued,,
bishan_clone__PPO__seed0,bishan_clone,PPO,0,queued,,
bishan_clone__PPO__seed1,bishan_clone,PPO,1,queued,,
bishan_clone__PPO__seed2,bishan_clone,PPO,2,queued,,
bishan_clone__PPO__seed3,bishan_clone,PPO,3,queued,,
bishan_clone__PPO__seed4,bishan_clone,PPO,4,queued,,
bishan_clone__MPC__seed0,bishan_clone,MPC,0,queued,,
bishan_clone__MPC__seed1,bishan_clone,MPC,1,queued,,
bishan_clone__MPC__seed2,bishan_clone,MPC,2,queued,,
bishan_clone__MPC__seed3,bishan_clone,MPC,3,queued,,
bishan_clone__MPC__seed4,bishan_clone,MPC,4,queued,,
neijiang_clone__Random__seed0,neijiang_clone,Random,0,queued,,
neijiang_clone__Random__seed1,neijiang_clone,Random,1,queued,,
neijiang_clone__Random__seed2,neijiang_clone,Random,2,queued,,
neijiang_clone__Random__seed3,neijiang_clone,Random,3,queued,,
neijiang_clone__Random__seed4,neijiang_clone,Random,4,queued,,
neijiang_clone__Greedy__seed0,neijiang_clone,Greedy,0,queued,,
neijiang_clone__Greedy__seed1,neijiang_clone,Greedy,1,queued,,
neijiang_clone__Greedy__seed2,neijiang_clone,Greedy,2,queued,,
neijiang_clone__Greedy__seed3,neijiang_clone,Greedy,3,queued,,
neijiang_clone__Greedy__seed4,neijiang_clone,Greedy,4,queued,,
neijiang_clone__GA__seed0,neijiang_clone,GA,0,queued,,
neijiang_clone__GA__seed1,neijiang_clone,GA,1,queued,,
neijiang_clone__GA__seed2,neijiang_clone,GA,2,queued,,
neijiang_clone__GA__seed3,neijiang_clone,GA,3,queued,,
neijiang_clone__GA__seed4,neijiang_clone,GA,4,queued,,
neijiang_clone__PPO__seed0,neijiang_clone,PPO,0,queued,,
neijiang_clone__PPO__seed1,neijiang_clone,PPO,1,queued,,
neijiang_clone__PPO__seed2,neijiang_clone,PPO,2,queued,,
neijiang_clone__PPO__seed3,neijiang_clone,PPO,3,queued,,
neijiang_clone__PPO__seed4,neijiang_clone,PPO,4,queued,,
neijiang_clone__MPC__seed0,neijiang_clone,MPC,0,queued,,
neijiang_clone__MPC__seed1,neijiang_clone,MPC,1,queued,,
neijiang_clone__MPC__seed2,neijiang_clone,MPC,2,queued,,
neijiang_clone__MPC__seed3,neijiang_clone,MPC,3,queued,,
neijiang_clone__MPC__seed4,neijiang_clone,MPC,4,queued,,
plain_small_cons__Random__seed0,plain_small_cons,Random,0,queued,,
plain_small_cons__Random__seed1,plain_small_cons,Random,1,queued,,
plain_small_cons__Random__seed2,plain_small_cons,Random,2,queued,,
plain_small_cons__Random__seed3,plain_small_cons,Random,3,queued,,
plain_small_cons__Random__seed4,plain_small_cons,Random,4,queued,,
plain_small_cons__Greedy__seed0,plain_small_cons,Greedy,0,queued,,
plain_small_cons__Greedy__seed1,plain_small_cons,Greedy,1,queued,,
plain_small_cons__Greedy__seed2,plain_small_cons,Greedy,2,queued,,
plain_small_cons__Greedy__seed3,plain_small_cons,Greedy,3,queued,,
plain_small_cons__Greedy__seed4,plain_small_cons,Greedy,4,queued,,
plain_small_cons__GA__seed0,plain_small_cons,GA,0,queued,,
plain_small_cons__GA__seed1,plain_small_cons,GA,1,queued,,
plain_small_cons__GA__seed2,plain_small_cons,GA,2,queued,,
plain_small_cons__GA__seed3,plain_small_cons,GA,3,queued,,
plain_small_cons__GA__seed4,plain_small_cons,GA,4,queued,,
plain_small_cons__PPO__seed0,plain_small_cons,PPO,0,queued,,
plain_small_cons__PPO__seed1,plain_small_cons,PPO,1,queued,,
plain_small_cons__PPO__seed2,plain_small_cons,PPO,2,queued,,
plain_small_cons__PPO__seed3,plain_small_cons,PPO,3,queued,,
plain_small_cons__PPO__seed4,plain_small_cons,PPO,4,queued,,
plain_small_cons__MPC__seed0,plain_small_cons,MPC,0,queued,,
plain_small_cons__MPC__seed1,plain_small_cons,MPC,1,queued,,
plain_small_cons__MPC__seed2,plain_small_cons,MPC,2,queued,,
plain_small_cons__MPC__seed3,plain_small_cons,MPC,3,queued,,
plain_small_cons__MPC__seed4,plain_small_cons,MPC,4,queued,,
plain_large_cons__Random__seed0,plain_large_cons,Random,0,queued,,
plain_large_cons__Random__seed1,plain_large_cons,Random,1,queued,,
plain_large_cons__Random__seed2,plain_large_cons,Random,2,queued,,
plain_large_cons__Random__seed3,plain_large_cons,Random,3,queued,,
plain_large_cons__Random__seed4,plain_large_cons,Random,4,queued,,
plain_large_cons__Greedy__seed0,plain_large_cons,Greedy,0,queued,,
plain_large_cons__Greedy__seed1,plain_large_cons,Greedy,1,queued,,
plain_large_cons__Greedy__seed2,plain_large_cons,Greedy,2,queued,,
plain_large_cons__Greedy__seed3,plain_large_cons,Greedy,3,queued,,
plain_large_cons__Greedy__seed4,plain_large_cons,Greedy,4,queued,,
plain_large_cons__GA__seed0,plain_large_cons,GA,0,queued,,
plain_large_cons__GA__seed1,plain_large_cons,GA,1,queued,,
plain_large_cons__GA__seed2,plain_large_cons,GA,2,queued,,
plain_large_cons__GA__seed3,plain_large_cons,GA,3,queued,,
plain_large_cons__GA__seed4,plain_large_cons,GA,4,queued,,
plain_large_cons__PPO__seed0,plain_large_cons,PPO,0,queued,,
plain_large_cons__PPO__seed1,plain_large_cons,PPO,1,queued,,
plain_large_cons__PPO__seed2,plain_large_cons,PPO,2,queued,,
plain_large_cons__PPO__seed3,plain_large_cons,PPO,3,queued,,
plain_large_cons__PPO__seed4,plain_large_cons,PPO,4,queued,,
plain_large_cons__MPC__seed0,plain_large_cons,MPC,0,queued,,
plain_large_cons__MPC__seed1,plain_large_cons,MPC,1,queued,,
plain_large_cons__MPC__seed2,plain_large_cons,MPC,2,queued,,
plain_large_cons__MPC__seed3,plain_large_cons,MPC,3,queued,,
plain_large_cons__MPC__seed4,plain_large_cons,MPC,4,queued,,
plain_medium_frag__Random__seed0,plain_medium_frag,Random,0,queued,,
plain_medium_frag__Random__seed1,plain_medium_frag,Random,1,queued,,
plain_medium_frag__Random__seed2,plain_medium_frag,Random,2,queued,,
plain_medium_frag__Random__seed3,plain_medium_frag,Random,3,queued,,
plain_medium_frag__Random__seed4,plain_medium_frag,Random,4,queued,,
plain_medium_frag__Greedy__seed0,plain_medium_frag,Greedy,0,queued,,
plain_medium_frag__Greedy__seed1,plain_medium_frag,Greedy,1,queued,,
plain_medium_frag__Greedy__seed2,plain_medium_frag,Greedy,2,queued,,
plain_medium_frag__Greedy__seed3,plain_medium_frag,Greedy,3,queued,,
plain_medium_frag__Greedy__seed4,plain_medium_frag,Greedy,4,queued,,
plain_medium_frag__GA__seed0,plain_medium_frag,GA,0,queued,,
plain_medium_frag__GA__seed1,plain_medium_frag,GA,1,queued,,
plain_medium_frag__GA__seed2,plain_medium_frag,GA,2,queued,,
plain_medium_frag__GA__seed3,plain_medium_frag,GA,3,queued,,
plain_medium_frag__GA__seed4,plain_medium_frag,GA,4,queued,,
plain_medium_frag__PPO__seed0,plain_medium_frag,PPO,0,queued,,
plain_medium_frag__PPO__seed1,plain_medium_frag,PPO,1,queued,,
plain_medium_frag__PPO__seed2,plain_medium_frag,PPO,2,queued,,
plain_medium_frag__PPO__seed3,plain_medium_frag,PPO,3,queued,,
plain_medium_frag__PPO__seed4,plain_medium_frag,PPO,4,queued,,
plain_medium_frag__MPC__seed0,plain_medium_frag,MPC,0,queued,,
plain_medium_frag__MPC__seed1,plain_medium_frag,MPC,1,queued,,
plain_medium_frag__MPC__seed2,plain_medium_frag,MPC,2,queued,,
plain_medium_frag__MPC__seed3,plain_medium_frag,MPC,3,queued,,
plain_medium_frag__MPC__seed4,plain_medium_frag,MPC,4,queued,,
mixed_medium_frag__Random__seed0,mixed_medium_frag,Random,0,queued,,
mixed_medium_frag__Random__seed1,mixed_medium_frag,Random,1,queued,,
mixed_medium_frag__Random__seed2,mixed_medium_frag,Random,2,queued,,
mixed_medium_frag__Random__seed3,mixed_medium_frag,Random,3,queued,,
mixed_medium_frag__Random__seed4,mixed_medium_frag,Random,4,queued,,
mixed_medium_frag__Greedy__seed0,mixed_medium_frag,Greedy,0,queued,,
mixed_medium_frag__Greedy__seed1,mixed_medium_frag,Greedy,1,queued,,
mixed_medium_frag__Greedy__seed2,mixed_medium_frag,Greedy,2,queued,,
mixed_medium_frag__Greedy__seed3,mixed_medium_frag,Greedy,3,queued,,
mixed_medium_frag__Greedy__seed4,mixed_medium_frag,Greedy,4,queued,,
mixed_medium_frag__GA__seed0,mixed_medium_frag,GA,0,queued,,
mixed_medium_frag__GA__seed1,mixed_medium_frag,GA,1,queued,,
mixed_medium_frag__GA__seed2,mixed_medium_frag,GA,2,queued,,
mixed_medium_frag__GA__seed3,mixed_medium_frag,GA,3,queued,,
mixed_medium_frag__GA__seed4,mixed_medium_frag,GA,4,queued,,
mixed_medium_frag__PPO__seed0,mixed_medium_frag,PPO,0,queued,,
mixed_medium_frag__PPO__seed1,mixed_medium_frag,PPO,1,queued,,
mixed_medium_frag__PPO__seed2,mixed_medium_frag,PPO,2,queued,,
mixed_medium_frag__PPO__seed3,mixed_medium_frag,PPO,3,queued,,
mixed_medium_frag__PPO__seed4,mixed_medium_frag,PPO,4,queued,,
mixed_medium_frag__MPC__seed0,mixed_medium_frag,MPC,0,queued,,
mixed_medium_frag__MPC__seed1,mixed_medium_frag,MPC,1,queued,,
mixed_medium_frag__MPC__seed2,mixed_medium_frag,MPC,2,queued,,
mixed_medium_frag__MPC__seed3,mixed_medium_frag,MPC,3,queued,,
mixed_medium_frag__MPC__seed4,mixed_medium_frag,MPC,4,queued,,
hilly_small_cons__Random__seed0,hilly_small_cons,Random,0,queued,,
hilly_small_cons__Random__seed1,hilly_small_cons,Random,1,queued,,
hilly_small_cons__Random__seed2,hilly_small_cons,Random,2,queued,,
hilly_small_cons__Random__seed3,hilly_small_cons,Random,3,queued,,
hilly_small_cons__Random__seed4,hilly_small_cons,Random,4,queued,,
hilly_small_cons__Greedy__seed0,hilly_small_cons,Greedy,0,queued,,
hilly_small_cons__Greedy__seed1,hilly_small_cons,Greedy,1,queued,,
hilly_small_cons__Greedy__seed2,hilly_small_cons,Greedy,2,queued,,
hilly_small_cons__Greedy__seed3,hilly_small_cons,Greedy,3,queued,,
hilly_small_cons__Greedy__seed4,hilly_small_cons,Greedy,4,queued,,
hilly_small_cons__GA__seed0,hilly_small_cons,GA,0,queued,,
hilly_small_cons__GA__seed1,hilly_small_cons,GA,1,queued,,
hilly_small_cons__GA__seed2,hilly_small_cons,GA,2,queued,,
hilly_small_cons__GA__seed3,hilly_small_cons,GA,3,queued,,
hilly_small_cons__GA__seed4,hilly_small_cons,GA,4,queued,,
hilly_small_cons__PPO__seed0,hilly_small_cons,PPO,0,queued,,
hilly_small_cons__PPO__seed1,hilly_small_cons,PPO,1,queued,,
hilly_small_cons__PPO__seed2,hilly_small_cons,PPO,2,queued,,
hilly_small_cons__PPO__seed3,hilly_small_cons,PPO,3,queued,,
hilly_small_cons__PPO__seed4,hilly_small_cons,PPO,4,queued,,
hilly_small_cons__MPC__seed0,hilly_small_cons,MPC,0,queued,,
hilly_small_cons__MPC__seed1,hilly_small_cons,MPC,1,queued,,
hilly_small_cons__MPC__seed2,hilly_small_cons,MPC,2,queued,,
hilly_small_cons__MPC__seed3,hilly_small_cons,MPC,3,queued,,
hilly_small_cons__MPC__seed4,hilly_small_cons,MPC,4,queued,,
